<?xml version="1.0" encoding="UTF-8"?>
<DEFECTS>
  <DEFECT>
    <SFA>
      <FILEPATH>C:\Users\jozwi\source\repos\helpdeskchess\chess\</FILEPATH>
      <FILENAME>Figure.h</FILENAME>
      <LINE>21</LINE>
      <COLUMN>0</COLUMN>
    </SFA>
    <DEFECTCODE>26495</DEFECTCODE>
    <DESCRIPTION>Zmienna „Figure::t” jest niezainicjowana. Zawsze inicjuj zmienną składową (type.6).</DESCRIPTION>
    <FUNCTION>Figure::{ctor}</FUNCTION>
    <DECORATED>??0Figure@@QEAA@XZ</DECORATED>
    <FUNCLINE>21</FUNCLINE>
    <ADDITIONALINFO>
      <targetSymbol>Figure::t</targetSymbol>
    </ADDITIONALINFO>
    <PATH></PATH>
  </DEFECT>
  <DEFECT>
    <SFA>
      <FILEPATH>C:\Users\jozwi\source\repos\helpdeskchess\chess\</FILEPATH>
      <FILENAME>Figure.h</FILENAME>
      <LINE>21</LINE>
      <COLUMN>0</COLUMN>
    </SFA>
    <DEFECTCODE>26495</DEFECTCODE>
    <DESCRIPTION>Zmienna „Figure::_color” jest niezainicjowana. Zawsze inicjuj zmienną składową (type.6).</DESCRIPTION>
    <FUNCTION>Figure::{ctor}</FUNCTION>
    <DECORATED>??0Figure@@QEAA@XZ</DECORATED>
    <FUNCLINE>21</FUNCLINE>
    <ADDITIONALINFO>
      <targetSymbol>Figure::_color</targetSymbol>
    </ADDITIONALINFO>
    <PATH></PATH>
  </DEFECT>
</DEFECTS>